user_id,sequence,sequence_length,negative_type,positive_label,pattern_id
user_001124,大样本负链路_0000_A -> 大样本负链路_0000_B,2,low_support,0,large_sequence_negative_0000
user_001490,大样本负链路_0001_A -> 大样本负链路_0001_B,2,low_confidence,0,large_sequence_negative_0001
user_000849,大样本负链路_0002_A -> 大样本负链路_0002_B,2,session_gap,0,large_sequence_negative_0002
user_001346,公共流程起点 -> 公共流程终点,2,global_common,0,large_sequence_negative_0003
user_001372,大样本负链路_0004_A -> 大样本负链路_0004_B,2,low_support,0,large_sequence_negative_0004
user_001046,大样本负链路_0005_A -> 大样本负链路_0005_B,2,low_confidence,0,large_sequence_negative_0005
user_000695,大样本负链路_0006_A -> 大样本负链路_0006_B,2,session_gap,0,large_sequence_negative_0006
user_001087,公共流程起点 -> 公共流程终点,2,global_common,0,large_sequence_negative_0007
user_000298,大样本负链路_0008_A -> 大样本负链路_0008_B,2,low_support,0,large_sequence_negative_0008
user_001741,大样本负链路_0009_A -> 大样本负链路_0009_B,2,low_confidence,0,large_sequence_negative_0009
user_001542,大样本负链路_0010_A -> 大样本负链路_0010_B,2,session_gap,0,large_sequence_negative_0010
user_000655,公共流程起点 -> 公共流程终点,2,global_common,0,large_sequence_negative_0011
user_001112,大样本负链路_0012_A -> 大样本负链路_0012_B,2,low_support,0,large_sequence_negative_0012
user_000412,大样本负链路_0013_A -> 大样本负链路_0013_B,2,low_confidence,0,large_sequence_negative_0013
user_001723,大样本负链路_0014_A -> 大样本负链路_0014_B,2,session_gap,0,large_sequence_negative_0014
user_001730,公共流程起点 -> 公共流程终点,2,global_common,0,large_sequence_negative_0015
user_000460,大样本负链路_0016_A -> 大样本负链路_0016_B,2,low_support,0,large_sequence_negative_0016
user_001250,大样本负链路_0017_A -> 大样本负链路_0017_B,2,low_confidence,0,large_sequence_negative_0017
user_000185,大样本负链路_0018_A -> 大样本负链路_0018_B,2,session_gap,0,large_sequence_negative_0018
user_000236,公共流程起点 -> 公共流程终点,2,global_common,0,large_sequence_negative_0019
user_001207,大样本负链路_0020_A -> 大样本负链路_0020_B,2,low_support,0,large_sequence_negative_0020
user_000797,大样本负链路_0021_A -> 大样本负链路_0021_B,2,low_confidence,0,large_sequence_negative_0021
user_000060,大样本负链路_0022_A -> 大样本负链路_0022_B,2,session_gap,0,large_sequence_negative_0022
user_001237,公共流程起点 -> 公共流程终点,2,global_common,0,large_sequence_negative_0023
user_000351,大样本负链路_0024_A -> 大样本负链路_0024_B,2,low_support,0,large_sequence_negative_0024
user_001350,大样本负链路_0025_A -> 大样本负链路_0025_B,2,low_confidence,0,large_sequence_negative_0025
user_001194,大样本负链路_0026_A -> 大样本负链路_0026_B,2,session_gap,0,large_sequence_negative_0026
user_000857,公共流程起点 -> 公共流程终点,2,global_common,0,large_sequence_negative_0027
user_001564,大样本负链路_0028_A -> 大样本负链路_0028_B,2,low_support,0,large_sequence_negative_0028
user_000169,大样本负链路_0029_A -> 大样本负链路_0029_B,2,low_confidence,0,large_sequence_negative_0029
user_000139,大样本负链路_0030_A -> 大样本负链路_0030_B,2,session_gap,0,large_sequence_negative_0030
user_001054,公共流程起点 -> 公共流程终点,2,global_common,0,large_sequence_negative_0031
user_000481,大样本负链路_0032_A -> 大样本负链路_0032_B,2,low_support,0,large_sequence_negative_0032
user_001369,大样本负链路_0033_A -> 大样本负链路_0033_B,2,low_confidence,0,large_sequence_negative_0033
user_000080,大样本负链路_0034_A -> 大样本负链路_0034_B,2,session_gap,0,large_sequence_negative_0034
user_000852,公共流程起点 -> 公共流程终点,2,global_common,0,large_sequence_negative_0035
user_001704,大样本负链路_0036_A -> 大样本负链路_0036_B,2,low_support,0,large_sequence_negative_0036
user_000356,大样本负链路_0037_A -> 大样本负链路_0037_B,2,low_confidence,0,large_sequence_negative_0037
user_000915,大样本负链路_0038_A -> 大样本负链路_0038_B,2,session_gap,0,large_sequence_negative_0038
user_000787,公共流程起点 -> 公共流程终点,2,global_common,0,large_sequence_negative_0039
user_001248,大样本负链路_0040_A -> 大样本负链路_0040_B,2,low_support,0,large_sequence_negative_0040
user_001868,大样本负链路_0041_A -> 大样本负链路_0041_B,2,low_confidence,0,large_sequence_negative_0041
user_001941,大样本负链路_0042_A -> 大样本负链路_0042_B,2,session_gap,0,large_sequence_negative_0042
user_001944,公共流程起点 -> 公共流程终点,2,global_common,0,large_sequence_negative_0043
user_001734,大样本负链路_0044_A -> 大样本负链路_0044_B,2,low_support,0,large_sequence_negative_0044
user_001371,大样本负链路_0045_A -> 大样本负链路_0045_B,2,low_confidence,0,large_sequence_negative_0045
user_001900,大样本负链路_0046_A -> 大样本负链路_0046_B,2,session_gap,0,large_sequence_negative_0046
user_000810,公共流程起点 -> 公共流程终点,2,global_common,0,large_sequence_negative_0047
user_000685,大样本负链路_0048_A -> 大样本负链路_0048_B,2,low_support,0,large_sequence_negative_0048
user_001581,大样本负链路_0049_A -> 大样本负链路_0049_B,2,low_confidence,0,large_sequence_negative_0049
user_000639,大样本负链路_0050_A -> 大样本负链路_0050_B,2,session_gap,0,large_sequence_negative_0050
user_001426,公共流程起点 -> 公共流程终点,2,global_common,0,large_sequence_negative_0051
user_001895,大样本负链路_0052_A -> 大样本负链路_0052_B,2,low_support,0,large_sequence_negative_0052
user_001296,大样本负链路_0053_A -> 大样本负链路_0053_B,2,low_confidence,0,large_sequence_negative_0053
user_000179,大样本负链路_0054_A -> 大样本负链路_0054_B,2,session_gap,0,large_sequence_negative_0054
user_000203,公共流程起点 -> 公共流程终点,2,global_common,0,large_sequence_negative_0055
user_000076,大样本负链路_0056_A -> 大样本负链路_0056_B,2,low_support,0,large_sequence_negative_0056
user_001956,大样本负链路_0057_A -> 大样本负链路_0057_B,2,low_confidence,0,large_sequence_negative_0057
user_001856,大样本负链路_0058_A -> 大样本负链路_0058_B,2,session_gap,0,large_sequence_negative_0058
user_001955,公共流程起点 -> 公共流程终点,2,global_common,0,large_sequence_negative_0059
user_000042,大样本负链路_0060_A -> 大样本负链路_0060_B,2,low_support,0,large_sequence_negative_0060
user_001396,大样本负链路_0061_A -> 大样本负链路_0061_B,2,low_confidence,0,large_sequence_negative_0061
user_000056,大样本负链路_0062_A -> 大样本负链路_0062_B,2,session_gap,0,large_sequence_negative_0062
user_001221,公共流程起点 -> 公共流程终点,2,global_common,0,large_sequence_negative_0063
user_000364,大样本负链路_0064_A -> 大样本负链路_0064_B,2,low_support,0,large_sequence_negative_0064
user_000057,大样本负链路_0065_A -> 大样本负链路_0065_B,2,low_confidence,0,large_sequence_negative_0065
user_000745,大样本负链路_0066_A -> 大样本负链路_0066_B,2,session_gap,0,large_sequence_negative_0066
user_000713,公共流程起点 -> 公共流程终点,2,global_common,0,large_sequence_negative_0067
user_001674,大样本负链路_0068_A -> 大样本负链路_0068_B,2,low_support,0,large_sequence_negative_0068
user_001364,大样本负链路_0069_A -> 大样本负链路_0069_B,2,low_confidence,0,large_sequence_negative_0069
user_000452,大样本负链路_0070_A -> 大样本负链路_0070_B,2,session_gap,0,large_sequence_negative_0070
user_001683,公共流程起点 -> 公共流程终点,2,global_common,0,large_sequence_negative_0071
user_001628,大样本负链路_0072_A -> 大样本负链路_0072_B,2,low_support,0,large_sequence_negative_0072
user_000702,大样本负链路_0073_A -> 大样本负链路_0073_B,2,low_confidence,0,large_sequence_negative_0073
user_000837,大样本负链路_0074_A -> 大样本负链路_0074_B,2,session_gap,0,large_sequence_negative_0074
user_001401,公共流程起点 -> 公共流程终点,2,global_common,0,large_sequence_negative_0075
user_000653,大样本负链路_0076_A -> 大样本负链路_0076_B,2,low_support,0,large_sequence_negative_0076
user_001527,大样本负链路_0077_A -> 大样本负链路_0077_B,2,low_confidence,0,large_sequence_negative_0077
user_000941,大样本负链路_0078_A -> 大样本负链路_0078_B,2,session_gap,0,large_sequence_negative_0078
user_000771,公共流程起点 -> 公共流程终点,2,global_common,0,large_sequence_negative_0079
user_001566,大样本负链路_0080_A -> 大样本负链路_0080_B,2,low_support,0,large_sequence_negative_0080
user_001882,大样本负链路_0081_A -> 大样本负链路_0081_B,2,low_confidence,0,large_sequence_negative_0081
user_000428,大样本负链路_0082_A -> 大样本负链路_0082_B,2,session_gap,0,large_sequence_negative_0082
user_001404,公共流程起点 -> 公共流程终点,2,global_common,0,large_sequence_negative_0083
user_000528,大样本负链路_0084_A -> 大样本负链路_0084_B,2,low_support,0,large_sequence_negative_0084
user_000769,大样本负链路_0085_A -> 大样本负链路_0085_B,2,low_confidence,0,large_sequence_negative_0085
user_000918,大样本负链路_0086_A -> 大样本负链路_0086_B,2,session_gap,0,large_sequence_negative_0086
user_000361,公共流程起点 -> 公共流程终点,2,global_common,0,large_sequence_negative_0087
user_000088,大样本负链路_0088_A -> 大样本负链路_0088_B,2,low_support,0,large_sequence_negative_0088
user_000222,大样本负链路_0089_A -> 大样本负链路_0089_B,2,low_confidence,0,large_sequence_negative_0089
user_001586,大样本负链路_0090_A -> 大样本负链路_0090_B,2,session_gap,0,large_sequence_negative_0090
user_001459,公共流程起点 -> 公共流程终点,2,global_common,0,large_sequence_negative_0091
user_001515,大样本负链路_0092_A -> 大样本负链路_0092_B,2,low_support,0,large_sequence_negative_0092
user_000044,大样本负链路_0093_A -> 大样本负链路_0093_B,2,low_confidence,0,large_sequence_negative_0093
user_000411,大样本负链路_0094_A -> 大样本负链路_0094_B,2,session_gap,0,large_sequence_negative_0094
user_001832,公共流程起点 -> 公共流程终点,2,global_common,0,large_sequence_negative_0095
user_000635,大样本负链路_0096_A -> 大样本负链路_0096_B,2,low_support,0,large_sequence_negative_0096
user_001709,大样本负链路_0097_A -> 大样本负链路_0097_B,2,low_confidence,0,large_sequence_negative_0097
user_001733,大样本负链路_0098_A -> 大样本负链路_0098_B,2,session_gap,0,large_sequence_negative_0098
user_001188,公共流程起点 -> 公共流程终点,2,global_common,0,large_sequence_negative_0099
user_001082,大样本负链路_0100_A -> 大样本负链路_0100_B,2,low_support,0,large_sequence_negative_0100
user_001397,大样本负链路_0101_A -> 大样本负链路_0101_B,2,low_confidence,0,large_sequence_negative_0101
user_001773,大样本负链路_0102_A -> 大样本负链路_0102_B,2,session_gap,0,large_sequence_negative_0102
user_000839,公共流程起点 -> 公共流程终点,2,global_common,0,large_sequence_negative_0103
user_001393,大样本负链路_0104_A -> 大样本负链路_0104_B,2,low_support,0,large_sequence_negative_0104
user_000550,大样本负链路_0105_A -> 大样本负链路_0105_B,2,low_confidence,0,large_sequence_negative_0105
user_000718,大样本负链路_0106_A -> 大样本负链路_0106_B,2,session_gap,0,large_sequence_negative_0106
user_001962,公共流程起点 -> 公共流程终点,2,global_common,0,large_sequence_negative_0107
user_000324,大样本负链路_0108_A -> 大样本负链路_0108_B,2,low_support,0,large_sequence_negative_0108
user_001951,大样本负链路_0109_A -> 大样本负链路_0109_B,2,low_confidence,0,large_sequence_negative_0109
user_001961,大样本负链路_0110_A -> 大样本负链路_0110_B,2,session_gap,0,large_sequence_negative_0110
user_000429,公共流程起点 -> 公共流程终点,2,global_common,0,large_sequence_negative_0111
user_001189,大样本负链路_0112_A -> 大样本负链路_0112_B,2,low_support,0,large_sequence_negative_0112
user_001544,大样本负链路_0113_A -> 大样本负链路_0113_B,2,low_confidence,0,large_sequence_negative_0113
user_000078,大样本负链路_0114_A -> 大样本负链路_0114_B,2,session_gap,0,large_sequence_negative_0114
user_001477,公共流程起点 -> 公共流程终点,2,global_common,0,large_sequence_negative_0115
user_000021,大样本负链路_0116_A -> 大样本负链路_0116_B,2,low_support,0,large_sequence_negative_0116
user_001583,大样本负链路_0117_A -> 大样本负链路_0117_B,2,low_confidence,0,large_sequence_negative_0117
user_000155,大样本负链路_0118_A -> 大样本负链路_0118_B,2,session_gap,0,large_sequence_negative_0118
user_000903,公共流程起点 -> 公共流程终点,2,global_common,0,large_sequence_negative_0119
user_001800,大样本负链路_0120_A -> 大样本负链路_0120_B,2,low_support,0,large_sequence_negative_0120
user_001287,大样本负链路_0121_A -> 大样本负链路_0121_B,2,low_confidence,0,large_sequence_negative_0121
user_000143,大样本负链路_0122_A -> 大样本负链路_0122_B,2,session_gap,0,large_sequence_negative_0122
user_000556,公共流程起点 -> 公共流程终点,2,global_common,0,large_sequence_negative_0123
user_001629,大样本负链路_0124_A -> 大样本负链路_0124_B,2,low_support,0,large_sequence_negative_0124
user_001122,大样本负链路_0125_A -> 大样本负链路_0125_B,2,low_confidence,0,large_sequence_negative_0125
user_000881,大样本负链路_0126_A -> 大样本负链路_0126_B,2,session_gap,0,large_sequence_negative_0126
user_001272,公共流程起点 -> 公共流程终点,2,global_common,0,large_sequence_negative_0127
user_000748,大样本负链路_0128_A -> 大样本负链路_0128_B,2,low_support,0,large_sequence_negative_0128
user_001626,大样本负链路_0129_A -> 大样本负链路_0129_B,2,low_confidence,0,large_sequence_negative_0129
user_000032,大样本负链路_0130_A -> 大样本负链路_0130_B,2,session_gap,0,large_sequence_negative_0130
user_001540,公共流程起点 -> 公共流程终点,2,global_common,0,large_sequence_negative_0131
user_001038,大样本负链路_0132_A -> 大样本负链路_0132_B,2,low_support,0,large_sequence_negative_0132
user_001253,大样本负链路_0133_A -> 大样本负链路_0133_B,2,low_confidence,0,large_sequence_negative_0133
user_001593,大样本负链路_0134_A -> 大样本负链路_0134_B,2,session_gap,0,large_sequence_negative_0134
user_000976,公共流程起点 -> 公共流程终点,2,global_common,0,large_sequence_negative_0135
user_001830,大样本负链路_0136_A -> 大样本负链路_0136_B,2,low_support,0,large_sequence_negative_0136
user_001598,大样本负链路_0137_A -> 大样本负链路_0137_B,2,low_confidence,0,large_sequence_negative_0137
user_000779,大样本负链路_0138_A -> 大样本负链路_0138_B,2,session_gap,0,large_sequence_negative_0138
user_001383,公共流程起点 -> 公共流程终点,2,global_common,0,large_sequence_negative_0139
user_001746,大样本负链路_0140_A -> 大样本负链路_0140_B,2,low_support,0,large_sequence_negative_0140
user_001971,大样本负链路_0141_A -> 大样本负链路_0141_B,2,low_confidence,0,large_sequence_negative_0141
user_001899,大样本负链路_0142_A -> 大样本负链路_0142_B,2,session_gap,0,large_sequence_negative_0142
user_001635,公共流程起点 -> 公共流程终点,2,global_common,0,large_sequence_negative_0143
user_001927,大样本负链路_0144_A -> 大样本负链路_0144_B,2,low_support,0,large_sequence_negative_0144
user_001270,大样本负链路_0145_A -> 大样本负链路_0145_B,2,low_confidence,0,large_sequence_negative_0145
user_001277,大样本负链路_0146_A -> 大样本负链路_0146_B,2,session_gap,0,large_sequence_negative_0146
user_000391,公共流程起点 -> 公共流程终点,2,global_common,0,large_sequence_negative_0147
user_000679,大样本负链路_0148_A -> 大样本负链路_0148_B,2,low_support,0,large_sequence_negative_0148
user_000636,大样本负链路_0149_A -> 大样本负链路_0149_B,2,low_confidence,0,large_sequence_negative_0149
user_001969,大样本负链路_0150_A -> 大样本负链路_0150_B,2,session_gap,0,large_sequence_negative_0150
user_000211,公共流程起点 -> 公共流程终点,2,global_common,0,large_sequence_negative_0151
user_001975,大样本负链路_0152_A -> 大样本负链路_0152_B,2,low_support,0,large_sequence_negative_0152
user_001060,大样本负链路_0153_A -> 大样本负链路_0153_B,2,low_confidence,0,large_sequence_negative_0153
user_001246,大样本负链路_0154_A -> 大样本负链路_0154_B,2,session_gap,0,large_sequence_negative_0154
user_000959,公共流程起点 -> 公共流程终点,2,global_common,0,large_sequence_negative_0155
user_000850,大样本负链路_0156_A -> 大样本负链路_0156_B,2,low_support,0,large_sequence_negative_0156
user_001692,大样本负链路_0157_A -> 大样本负链路_0157_B,2,low_confidence,0,large_sequence_negative_0157
user_001367,大样本负链路_0158_A -> 大样本负链路_0158_B,2,session_gap,0,large_sequence_negative_0158
user_001717,公共流程起点 -> 公共流程终点,2,global_common,0,large_sequence_negative_0159
user_001756,大样本负链路_0160_A -> 大样本负链路_0160_B,2,low_support,0,large_sequence_negative_0160
user_001920,大样本负链路_0161_A -> 大样本负链路_0161_B,2,low_confidence,0,large_sequence_negative_0161
user_001836,大样本负链路_0162_A -> 大样本负链路_0162_B,2,session_gap,0,large_sequence_negative_0162
user_001407,公共流程起点 -> 公共流程终点,2,global_common,0,large_sequence_negative_0163
user_000436,大样本负链路_0164_A -> 大样本负链路_0164_B,2,low_support,0,large_sequence_negative_0164
user_001264,大样本负链路_0165_A -> 大样本负链路_0165_B,2,low_confidence,0,large_sequence_negative_0165
user_001419,大样本负链路_0166_A -> 大样本负链路_0166_B,2,session_gap,0,large_sequence_negative_0166
user_001136,公共流程起点 -> 公共流程终点,2,global_common,0,large_sequence_negative_0167
user_001878,大样本负链路_0168_A -> 大样本负链路_0168_B,2,low_support,0,large_sequence_negative_0168
user_001321,大样本负链路_0169_A -> 大样本负链路_0169_B,2,low_confidence,0,large_sequence_negative_0169
user_000569,大样本负链路_0170_A -> 大样本负链路_0170_B,2,session_gap,0,large_sequence_negative_0170
user_000945,公共流程起点 -> 公共流程终点,2,global_common,0,large_sequence_negative_0171
user_001114,大样本负链路_0172_A -> 大样本负链路_0172_B,2,low_support,0,large_sequence_negative_0172
user_001974,大样本负链路_0173_A -> 大样本负链路_0173_B,2,low_confidence,0,large_sequence_negative_0173
user_001409,大样本负链路_0174_A -> 大样本负链路_0174_B,2,session_gap,0,large_sequence_negative_0174
user_001025,公共流程起点 -> 公共流程终点,2,global_common,0,large_sequence_negative_0175
user_001223,大样本负链路_0176_A -> 大样本负链路_0176_B,2,low_support,0,large_sequence_negative_0176
user_000783,大样本负链路_0177_A -> 大样本负链路_0177_B,2,low_confidence,0,large_sequence_negative_0177
user_000841,大样本负链路_0178_A -> 大样本负链路_0178_B,2,session_gap,0,large_sequence_negative_0178
user_001618,公共流程起点 -> 公共流程终点,2,global_common,0,large_sequence_negative_0179
user_000046,大样本负链路_0180_A -> 大样本负链路_0180_B,2,low_support,0,large_sequence_negative_0180
user_000152,大样本负链路_0181_A -> 大样本负链路_0181_B,2,low_confidence,0,large_sequence_negative_0181
user_001447,大样本负链路_0182_A -> 大样本负链路_0182_B,2,session_gap,0,large_sequence_negative_0182
user_001005,公共流程起点 -> 公共流程终点,2,global_common,0,large_sequence_negative_0183
user_000472,大样本负链路_0184_A -> 大样本负链路_0184_B,2,low_support,0,large_sequence_negative_0184
user_000263,大样本负链路_0185_A -> 大样本负链路_0185_B,2,low_confidence,0,large_sequence_negative_0185
user_001855,大样本负链路_0186_A -> 大样本负链路_0186_B,2,session_gap,0,large_sequence_negative_0186
user_000698,公共流程起点 -> 公共流程终点,2,global_common,0,large_sequence_negative_0187
user_001349,大样本负链路_0188_A -> 大样本负链路_0188_B,2,low_support,0,large_sequence_negative_0188
user_000024,大样本负链路_0189_A -> 大样本负链路_0189_B,2,low_confidence,0,large_sequence_negative_0189
user_000694,大样本负链路_0190_A -> 大样本负链路_0190_B,2,session_gap,0,large_sequence_negative_0190
user_000595,公共流程起点 -> 公共流程终点,2,global_common,0,large_sequence_negative_0191
user_000094,大样本负链路_0192_A -> 大样本负链路_0192_B,2,low_support,0,large_sequence_negative_0192
user_000593,大样本负链路_0193_A -> 大样本负链路_0193_B,2,low_confidence,0,large_sequence_negative_0193
user_001988,大样本负链路_0194_A -> 大样本负链路_0194_B,2,session_gap,0,large_sequence_negative_0194
user_001126,公共流程起点 -> 公共流程终点,2,global_common,0,large_sequence_negative_0195
user_001693,大样本负链路_0196_A -> 大样本负链路_0196_B,2,low_support,0,large_sequence_negative_0196
user_000557,大样本负链路_0197_A -> 大样本负链路_0197_B,2,low_confidence,0,large_sequence_negative_0197
user_000968,大样本负链路_0198_A -> 大样本负链路_0198_B,2,session_gap,0,large_sequence_negative_0198
user_000949,公共流程起点 -> 公共流程终点,2,global_common,0,large_sequence_negative_0199
user_000546,大样本负链路_0200_A -> 大样本负链路_0200_B,2,low_support,0,large_sequence_negative_0200
user_000091,大样本负链路_0201_A -> 大样本负链路_0201_B,2,low_confidence,0,large_sequence_negative_0201
user_000932,大样本负链路_0202_A -> 大样本负链路_0202_B,2,session_gap,0,large_sequence_negative_0202
user_001859,公共流程起点 -> 公共流程终点,2,global_common,0,large_sequence_negative_0203
user_001641,大样本负链路_0204_A -> 大样本负链路_0204_B,2,low_support,0,large_sequence_negative_0204
user_000416,大样本负链路_0205_A -> 大样本负链路_0205_B,2,low_confidence,0,large_sequence_negative_0205
user_000568,大样本负链路_0206_A -> 大样本负链路_0206_B,2,session_gap,0,large_sequence_negative_0206
user_000726,公共流程起点 -> 公共流程终点,2,global_common,0,large_sequence_negative_0207
user_000939,大样本负链路_0208_A -> 大样本负链路_0208_B,2,low_support,0,large_sequence_negative_0208
user_000357,大样本负链路_0209_A -> 大样本负链路_0209_B,2,low_confidence,0,large_sequence_negative_0209
user_001879,大样本负链路_0210_A -> 大样本负链路_0210_B,2,session_gap,0,large_sequence_negative_0210
user_000085,公共流程起点 -> 公共流程终点,2,global_common,0,large_sequence_negative_0211
user_001041,大样本负链路_0212_A -> 大样本负链路_0212_B,2,low_support,0,large_sequence_negative_0212
user_000133,大样本负链路_0213_A -> 大样本负链路_0213_B,2,low_confidence,0,large_sequence_negative_0213
user_000396,大样本负链路_0214_A -> 大样本负链路_0214_B,2,session_gap,0,large_sequence_negative_0214
user_001380,公共流程起点 -> 公共流程终点,2,global_common,0,large_sequence_negative_0215
user_001924,大样本负链路_0216_A -> 大样本负链路_0216_B,2,low_support,0,large_sequence_negative_0216
user_000098,大样本负链路_0217_A -> 大样本负链路_0217_B,2,low_confidence,0,large_sequence_negative_0217
user_000604,大样本负链路_0218_A -> 大样本负链路_0218_B,2,session_gap,0,large_sequence_negative_0218
user_001300,公共流程起点 -> 公共流程终点,2,global_common,0,large_sequence_negative_0219
user_001304,大样本负链路_0220_A -> 大样本负链路_0220_B,2,low_support,0,large_sequence_negative_0220
user_000496,大样本负链路_0221_A -> 大样本负链路_0221_B,2,low_confidence,0,large_sequence_negative_0221
user_001760,大样本负链路_0222_A -> 大样本负链路_0222_B,2,session_gap,0,large_sequence_negative_0222
user_000503,公共流程起点 -> 公共流程终点,2,global_common,0,large_sequence_negative_0223
user_001994,大样本负链路_0224_A -> 大样本负链路_0224_B,2,low_support,0,large_sequence_negative_0224
user_000445,大样本负链路_0225_A -> 大样本负链路_0225_B,2,low_confidence,0,large_sequence_negative_0225
user_000483,大样本负链路_0226_A -> 大样本负链路_0226_B,2,session_gap,0,large_sequence_negative_0226
user_001521,公共流程起点 -> 公共流程终点,2,global_common,0,large_sequence_negative_0227
user_001787,大样本负链路_0228_A -> 大样本负链路_0228_B,2,low_support,0,large_sequence_negative_0228
user_001058,大样本负链路_0229_A -> 大样本负链路_0229_B,2,low_confidence,0,large_sequence_negative_0229
user_001699,大样本负链路_0230_A -> 大样本负链路_0230_B,2,session_gap,0,large_sequence_negative_0230
user_001592,公共流程起点 -> 公共流程终点,2,global_common,0,large_sequence_negative_0231
user_000233,大样本负链路_0232_A -> 大样本负链路_0232_B,2,low_support,0,large_sequence_negative_0232
user_000735,大样本负链路_0233_A -> 大样本负链路_0233_B,2,low_confidence,0,large_sequence_negative_0233
user_001365,大样本负链路_0234_A -> 大样本负链路_0234_B,2,session_gap,0,large_sequence_negative_0234
user_001268,公共流程起点 -> 公共流程终点,2,global_common,0,large_sequence_negative_0235
user_000205,大样本负链路_0236_A -> 大样本负链路_0236_B,2,low_support,0,large_sequence_negative_0236
user_000243,大样本负链路_0237_A -> 大样本负链路_0237_B,2,low_confidence,0,large_sequence_negative_0237
user_001728,大样本负链路_0238_A -> 大样本负链路_0238_B,2,session_gap,0,large_sequence_negative_0238
user_001033,公共流程起点 -> 公共流程终点,2,global_common,0,large_sequence_negative_0239
user_000323,大样本负链路_0240_A -> 大样本负链路_0240_B,2,low_support,0,large_sequence_negative_0240
user_001417,大样本负链路_0241_A -> 大样本负链路_0241_B,2,low_confidence,0,large_sequence_negative_0241
user_001645,大样本负链路_0242_A -> 大样本负链路_0242_B,2,session_gap,0,large_sequence_negative_0242
user_001339,公共流程起点 -> 公共流程终点,2,global_common,0,large_sequence_negative_0243
user_001274,大样本负链路_0244_A -> 大样本负链路_0244_B,2,low_support,0,large_sequence_negative_0244
user_001694,大样本负链路_0245_A -> 大样本负链路_0245_B,2,low_confidence,0,large_sequence_negative_0245
user_001255,大样本负链路_0246_A -> 大样本负链路_0246_B,2,session_gap,0,large_sequence_negative_0246
user_000241,公共流程起点 -> 公共流程终点,2,global_common,0,large_sequence_negative_0247
user_001333,大样本负链路_0248_A -> 大样本负链路_0248_B,2,low_support,0,large_sequence_negative_0248
user_001942,大样本负链路_0249_A -> 大样本负链路_0249_B,2,low_confidence,0,large_sequence_negative_0249
user_001610,大样本负链路_0250_A -> 大样本负链路_0250_B,2,session_gap,0,large_sequence_negative_0250
user_001500,公共流程起点 -> 公共流程终点,2,global_common,0,large_sequence_negative_0251
user_001881,大样本负链路_0252_A -> 大样本负链路_0252_B,2,low_support,0,large_sequence_negative_0252
user_000729,大样本负链路_0253_A -> 大样本负链路_0253_B,2,low_confidence,0,large_sequence_negative_0253
user_001688,大样本负链路_0254_A -> 大样本负链路_0254_B,2,session_gap,0,large_sequence_negative_0254
user_001625,公共流程起点 -> 公共流程终点,2,global_common,0,large_sequence_negative_0255
user_001797,大样本负链路_0256_A -> 大样本负链路_0256_B,2,low_support,0,large_sequence_negative_0256
user_000684,大样本负链路_0257_A -> 大样本负链路_0257_B,2,low_confidence,0,large_sequence_negative_0257
user_000110,大样本负链路_0258_A -> 大样本负链路_0258_B,2,session_gap,0,large_sequence_negative_0258
user_000271,公共流程起点 -> 公共流程终点,2,global_common,0,large_sequence_negative_0259
user_001400,大样本负链路_0260_A -> 大样本负链路_0260_B,2,low_support,0,large_sequence_negative_0260
user_001565,大样本负链路_0261_A -> 大样本负链路_0261_B,2,low_confidence,0,large_sequence_negative_0261
user_001243,大样本负链路_0262_A -> 大样本负链路_0262_B,2,session_gap,0,large_sequence_negative_0262
user_001676,公共流程起点 -> 公共流程终点,2,global_common,0,large_sequence_negative_0263
user_001468,大样本负链路_0264_A -> 大样本负链路_0264_B,2,low_support,0,large_sequence_negative_0264
user_000970,大样本负链路_0265_A -> 大样本负链路_0265_B,2,low_confidence,0,large_sequence_negative_0265
user_001184,大样本负链路_0266_A -> 大样本负链路_0266_B,2,session_gap,0,large_sequence_negative_0266
user_001150,公共流程起点 -> 公共流程终点,2,global_common,0,large_sequence_negative_0267
user_001779,大样本负链路_0268_A -> 大样本负链路_0268_B,2,low_support,0,large_sequence_negative_0268
user_001817,大样本负链路_0269_A -> 大样本负链路_0269_B,2,low_confidence,0,large_sequence_negative_0269
user_000888,大样本负链路_0270_A -> 大样本负链路_0270_B,2,session_gap,0,large_sequence_negative_0270
user_000590,公共流程起点 -> 公共流程终点,2,global_common,0,large_sequence_negative_0271
user_001470,大样本负链路_0272_A -> 大样本负链路_0272_B,2,low_support,0,large_sequence_negative_0272
user_001893,大样本负链路_0273_A -> 大样本负链路_0273_B,2,low_confidence,0,large_sequence_negative_0273
user_000893,大样本负链路_0274_A -> 大样本负链路_0274_B,2,session_gap,0,large_sequence_negative_0274
user_000894,公共流程起点 -> 公共流程终点,2,global_common,0,large_sequence_negative_0275
user_001023,大样本负链路_0276_A -> 大样本负链路_0276_B,2,low_support,0,large_sequence_negative_0276
user_001249,大样本负链路_0277_A -> 大样本负链路_0277_B,2,low_confidence,0,large_sequence_negative_0277
user_001110,大样本负链路_0278_A -> 大样本负链路_0278_B,2,session_gap,0,large_sequence_negative_0278
user_000929,公共流程起点 -> 公共流程终点,2,global_common,0,large_sequence_negative_0279
user_000920,大样本负链路_0280_A -> 大样本负链路_0280_B,2,low_support,0,large_sequence_negative_0280
user_000086,大样本负链路_0281_A -> 大样本负链路_0281_B,2,low_confidence,0,large_sequence_negative_0281
user_000967,大样本负链路_0282_A -> 大样本负链路_0282_B,2,session_gap,0,large_sequence_negative_0282
user_000917,公共流程起点 -> 公共流程终点,2,global_common,0,large_sequence_negative_0283
user_000476,大样本负链路_0284_A -> 大样本负链路_0284_B,2,low_support,0,large_sequence_negative_0284
user_001803,大样本负链路_0285_A -> 大样本负链路_0285_B,2,low_confidence,0,large_sequence_negative_0285
user_001429,大样本负链路_0286_A -> 大样本负链路_0286_B,2,session_gap,0,large_sequence_negative_0286
user_001015,公共流程起点 -> 公共流程终点,2,global_common,0,large_sequence_negative_0287
user_000737,大样本负链路_0288_A -> 大样本负链路_0288_B,2,low_support,0,large_sequence_negative_0288
user_001813,大样本负链路_0289_A -> 大样本负链路_0289_B,2,low_confidence,0,large_sequence_negative_0289
user_001217,大样本负链路_0290_A -> 大样本负链路_0290_B,2,session_gap,0,large_sequence_negative_0290
user_000498,公共流程起点 -> 公共流程终点,2,global_common,0,large_sequence_negative_0291
user_000687,大样本负链路_0292_A -> 大样本负链路_0292_B,2,low_support,0,large_sequence_negative_0292
user_000202,大样本负链路_0293_A -> 大样本负链路_0293_B,2,low_confidence,0,large_sequence_negative_0293
user_001045,大样本负链路_0294_A -> 大样本负链路_0294_B,2,session_gap,0,large_sequence_negative_0294
user_000008,公共流程起点 -> 公共流程终点,2,global_common,0,large_sequence_negative_0295
user_000665,大样本负链路_0296_A -> 大样本负链路_0296_B,2,low_support,0,large_sequence_negative_0296
user_000047,大样本负链路_0297_A -> 大样本负链路_0297_B,2,low_confidence,0,large_sequence_negative_0297
user_001229,大样本负链路_0298_A -> 大样本负链路_0298_B,2,session_gap,0,large_sequence_negative_0298
user_000614,公共流程起点 -> 公共流程终点,2,global_common,0,large_sequence_negative_0299
user_001904,大样本负链路_0300_A -> 大样本负链路_0300_B,2,low_support,0,large_sequence_negative_0300
user_000477,大样本负链路_0301_A -> 大样本负链路_0301_B,2,low_confidence,0,large_sequence_negative_0301
user_000478,大样本负链路_0302_A -> 大样本负链路_0302_B,2,session_gap,0,large_sequence_negative_0302
user_000668,公共流程起点 -> 公共流程终点,2,global_common,0,large_sequence_negative_0303
user_000697,大样本负链路_0304_A -> 大样本负链路_0304_B,2,low_support,0,large_sequence_negative_0304
user_001501,大样本负链路_0305_A -> 大样本负链路_0305_B,2,low_confidence,0,large_sequence_negative_0305
user_000711,大样本负链路_0306_A -> 大样本负链路_0306_B,2,session_gap,0,large_sequence_negative_0306
user_001483,公共流程起点 -> 公共流程终点,2,global_common,0,large_sequence_negative_0307
user_001552,大样本负链路_0308_A -> 大样本负链路_0308_B,2,low_support,0,large_sequence_negative_0308
user_000495,大样本负链路_0309_A -> 大样本负链路_0309_B,2,low_confidence,0,large_sequence_negative_0309
user_001317,大样本负链路_0310_A -> 大样本负链路_0310_B,2,session_gap,0,large_sequence_negative_0310
user_001914,公共流程起点 -> 公共流程终点,2,global_common,0,large_sequence_negative_0311
user_001487,大样本负链路_0312_A -> 大样本负链路_0312_B,2,low_support,0,large_sequence_negative_0312
user_001825,大样本负链路_0313_A -> 大样本负链路_0313_B,2,low_confidence,0,large_sequence_negative_0313
user_000128,大样本负链路_0314_A -> 大样本负链路_0314_B,2,session_gap,0,large_sequence_negative_0314
user_000037,公共流程起点 -> 公共流程终点,2,global_common,0,large_sequence_negative_0315
user_001129,大样本负链路_0316_A -> 大样本负链路_0316_B,2,low_support,0,large_sequence_negative_0316
user_000633,大样本负链路_0317_A -> 大样本负链路_0317_B,2,low_confidence,0,large_sequence_negative_0317
user_001366,大样本负链路_0318_A -> 大样本负链路_0318_B,2,session_gap,0,large_sequence_negative_0318
user_000177,公共流程起点 -> 公共流程终点,2,global_common,0,large_sequence_negative_0319
user_001004,大样本负链路_0320_A -> 大样本负链路_0320_B,2,low_support,0,large_sequence_negative_0320
user_001210,大样本负链路_0321_A -> 大样本负链路_0321_B,2,low_confidence,0,large_sequence_negative_0321
user_000709,大样本负链路_0322_A -> 大样本负链路_0322_B,2,session_gap,0,large_sequence_negative_0322
user_001260,公共流程起点 -> 公共流程终点,2,global_common,0,large_sequence_negative_0323
user_001416,大样本负链路_0324_A -> 大样本负链路_0324_B,2,low_support,0,large_sequence_negative_0324
user_001265,大样本负链路_0325_A -> 大样本负链路_0325_B,2,low_confidence,0,large_sequence_negative_0325
user_000372,大样本负链路_0326_A -> 大样本负链路_0326_B,2,session_gap,0,large_sequence_negative_0326
user_000127,公共流程起点 -> 公共流程终点,2,global_common,0,large_sequence_negative_0327
user_001077,大样本负链路_0328_A -> 大样本负链路_0328_B,2,low_support,0,large_sequence_negative_0328
user_001491,大样本负链路_0329_A -> 大样本负链路_0329_B,2,low_confidence,0,large_sequence_negative_0329
user_001330,大样本负链路_0330_A -> 大样本负链路_0330_B,2,session_gap,0,large_sequence_negative_0330
user_000700,公共流程起点 -> 公共流程终点,2,global_common,0,large_sequence_negative_0331
user_000622,大样本负链路_0332_A -> 大样本负链路_0332_B,2,low_support,0,large_sequence_negative_0332
user_001824,大样本负链路_0333_A -> 大样本负链路_0333_B,2,low_confidence,0,large_sequence_negative_0333
user_001721,大样本负链路_0334_A -> 大样本负链路_0334_B,2,session_gap,0,large_sequence_negative_0334
user_001213,公共流程起点 -> 公共流程终点,2,global_common,0,large_sequence_negative_0335
user_001894,大样本负链路_0336_A -> 大样本负链路_0336_B,2,low_support,0,large_sequence_negative_0336
user_000763,大样本负链路_0337_A -> 大样本负链路_0337_B,2,low_confidence,0,large_sequence_negative_0337
user_000144,大样本负链路_0338_A -> 大样本负链路_0338_B,2,session_gap,0,large_sequence_negative_0338
user_000744,公共流程起点 -> 公共流程终点,2,global_common,0,large_sequence_negative_0339
user_000132,大样本负链路_0340_A -> 大样本负链路_0340_B,2,low_support,0,large_sequence_negative_0340
user_000246,大样本负链路_0341_A -> 大样本负链路_0341_B,2,low_confidence,0,large_sequence_negative_0341
user_000451,大样本负链路_0342_A -> 大样本负链路_0342_B,2,session_gap,0,large_sequence_negative_0342
user_000348,公共流程起点 -> 公共流程终点,2,global_common,0,large_sequence_negative_0343
user_001700,大样本负链路_0344_A -> 大样本负链路_0344_B,2,low_support,0,large_sequence_negative_0344
user_000030,大样本负链路_0345_A -> 大样本负链路_0345_B,2,low_confidence,0,large_sequence_negative_0345
user_000985,大样本负链路_0346_A -> 大样本负链路_0346_B,2,session_gap,0,large_sequence_negative_0346
user_000280,公共流程起点 -> 公共流程终点,2,global_common,0,large_sequence_negative_0347
user_000272,大样本负链路_0348_A -> 大样本负链路_0348_B,2,low_support,0,large_sequence_negative_0348
user_000303,大样本负链路_0349_A -> 大样本负链路_0349_B,2,low_confidence,0,large_sequence_negative_0349
user_001531,大样本负链路_0350_A -> 大样本负链路_0350_B,2,session_gap,0,large_sequence_negative_0350
user_001059,公共流程起点 -> 公共流程终点,2,global_common,0,large_sequence_negative_0351
user_000410,大样本负链路_0352_A -> 大样本负链路_0352_B,2,low_support,0,large_sequence_negative_0352
user_000577,大样本负链路_0353_A -> 大样本负链路_0353_B,2,low_confidence,0,large_sequence_negative_0353
user_001071,大样本负链路_0354_A -> 大样本负链路_0354_B,2,session_gap,0,large_sequence_negative_0354
user_000817,公共流程起点 -> 公共流程终点,2,global_common,0,large_sequence_negative_0355
user_000322,大样本负链路_0356_A -> 大样本负链路_0356_B,2,low_support,0,large_sequence_negative_0356
user_000194,大样本负链路_0357_A -> 大样本负链路_0357_B,2,low_confidence,0,large_sequence_negative_0357
user_001829,大样本负链路_0358_A -> 大样本负链路_0358_B,2,session_gap,0,large_sequence_negative_0358
user_000519,公共流程起点 -> 公共流程终点,2,global_common,0,large_sequence_negative_0359
user_001322,大样本负链路_0360_A -> 大样本负链路_0360_B,2,low_support,0,large_sequence_negative_0360
user_000638,大样本负链路_0361_A -> 大样本负链路_0361_B,2,low_confidence,0,large_sequence_negative_0361
user_000256,大样本负链路_0362_A -> 大样本负链路_0362_B,2,session_gap,0,large_sequence_negative_0362
user_001152,公共流程起点 -> 公共流程终点,2,global_common,0,large_sequence_negative_0363
user_001698,大样本负链路_0364_A -> 大样本负链路_0364_B,2,low_support,0,large_sequence_negative_0364
user_001502,大样本负链路_0365_A -> 大样本负链路_0365_B,2,low_confidence,0,large_sequence_negative_0365
user_000349,大样本负链路_0366_A -> 大样本负链路_0366_B,2,session_gap,0,large_sequence_negative_0366
user_001887,公共流程起点 -> 公共流程终点,2,global_common,0,large_sequence_negative_0367
user_001931,大样本负链路_0368_A -> 大样本负链路_0368_B,2,low_support,0,large_sequence_negative_0368
user_000788,大样本负链路_0369_A -> 大样本负链路_0369_B,2,low_confidence,0,large_sequence_negative_0369
user_000050,大样本负链路_0370_A -> 大样本负链路_0370_B,2,session_gap,0,large_sequence_negative_0370
user_001293,公共流程起点 -> 公共流程终点,2,global_common,0,large_sequence_negative_0371
user_000315,大样本负链路_0372_A -> 大样本负链路_0372_B,2,low_support,0,large_sequence_negative_0372
user_001841,大样本负链路_0373_A -> 大样本负链路_0373_B,2,low_confidence,0,large_sequence_negative_0373
user_001990,大样本负链路_0374_A -> 大样本负链路_0374_B,2,session_gap,0,large_sequence_negative_0374
user_001202,公共流程起点 -> 公共流程终点,2,global_common,0,large_sequence_negative_0375
user_001632,大样本负链路_0376_A -> 大样本负链路_0376_B,2,low_support,0,large_sequence_negative_0376
user_001906,大样本负链路_0377_A -> 大样本负链路_0377_B,2,low_confidence,0,large_sequence_negative_0377
user_001569,大样本负链路_0378_A -> 大样本负链路_0378_B,2,session_gap,0,large_sequence_negative_0378
user_001336,公共流程起点 -> 公共流程终点,2,global_common,0,large_sequence_negative_0379
user_000678,大样本负链路_0380_A -> 大样本负链路_0380_B,2,low_support,0,large_sequence_negative_0380
user_001769,大样本负链路_0381_A -> 大样本负链路_0381_B,2,low_confidence,0,large_sequence_negative_0381
user_000657,大样本负链路_0382_A -> 大样本负链路_0382_B,2,session_gap,0,large_sequence_negative_0382
user_001394,公共流程起点 -> 公共流程终点,2,global_common,0,large_sequence_negative_0383
user_001839,大样本负链路_0384_A -> 大样本负链路_0384_B,2,low_support,0,large_sequence_negative_0384
user_000467,大样本负链路_0385_A -> 大样本负链路_0385_B,2,low_confidence,0,large_sequence_negative_0385
user_000611,大样本负链路_0386_A -> 大样本负链路_0386_B,2,session_gap,0,large_sequence_negative_0386
user_000725,公共流程起点 -> 公共流程终点,2,global_common,0,large_sequence_negative_0387
user_000652,大样本负链路_0388_A -> 大样本负链路_0388_B,2,low_support,0,large_sequence_negative_0388
user_001714,大样本负链路_0389_A -> 大样本负链路_0389_B,2,low_confidence,0,large_sequence_negative_0389
user_000253,大样本负链路_0390_A -> 大样本负链路_0390_B,2,session_gap,0,large_sequence_negative_0390
user_000646,公共流程起点 -> 公共流程终点,2,global_common,0,large_sequence_negative_0391
user_000979,大样本负链路_0392_A -> 大样本负链路_0392_B,2,low_support,0,large_sequence_negative_0392
user_001718,大样本负链路_0393_A -> 大样本负链路_0393_B,2,low_confidence,0,large_sequence_negative_0393
user_000230,大样本负链路_0394_A -> 大样本负链路_0394_B,2,session_gap,0,large_sequence_negative_0394
user_001379,公共流程起点 -> 公共流程终点,2,global_common,0,large_sequence_negative_0395
user_000710,大样本负链路_0396_A -> 大样本负链路_0396_B,2,low_support,0,large_sequence_negative_0396
user_000500,大样本负链路_0397_A -> 大样本负链路_0397_B,2,low_confidence,0,large_sequence_negative_0397
user_000443,大样本负链路_0398_A -> 大样本负链路_0398_B,2,session_gap,0,large_sequence_negative_0398
user_001279,公共流程起点 -> 公共流程终点,2,global_common,0,large_sequence_negative_0399
user_000889,大样本负链路_0400_A -> 大样本负链路_0400_B,2,low_support,0,large_sequence_negative_0400
user_000514,大样本负链路_0401_A -> 大样本负链路_0401_B,2,low_confidence,0,large_sequence_negative_0401
user_000785,大样本负链路_0402_A -> 大样本负链路_0402_B,2,session_gap,0,large_sequence_negative_0402
user_001780,公共流程起点 -> 公共流程终点,2,global_common,0,large_sequence_negative_0403
user_000456,大样本负链路_0404_A -> 大样本负链路_0404_B,2,low_support,0,large_sequence_negative_0404
user_000693,大样本负链路_0405_A -> 大样本负链路_0405_B,2,low_confidence,0,large_sequence_negative_0405
user_000045,大样本负链路_0406_A -> 大样本负链路_0406_B,2,session_gap,0,large_sequence_negative_0406
user_000082,公共流程起点 -> 公共流程终点,2,global_common,0,large_sequence_negative_0407
user_000430,大样本负链路_0408_A -> 大样本负链路_0408_B,2,low_support,0,large_sequence_negative_0408
user_001622,大样本负链路_0409_A -> 大样本负链路_0409_B,2,low_confidence,0,large_sequence_negative_0409
user_001943,大样本负链路_0410_A -> 大样本负链路_0410_B,2,session_gap,0,large_sequence_negative_0410
user_000501,公共流程起点 -> 公共流程终点,2,global_common,0,large_sequence_negative_0411
user_000455,大样本负链路_0412_A -> 大样本负链路_0412_B,2,low_support,0,large_sequence_negative_0412
user_001985,大样本负链路_0413_A -> 大样本负链路_0413_B,2,low_confidence,0,large_sequence_negative_0413
user_000973,大样本负链路_0414_A -> 大样本负链路_0414_B,2,session_gap,0,large_sequence_negative_0414
user_001000,公共流程起点 -> 公共流程终点,2,global_common,0,large_sequence_negative_0415
user_000004,大样本负链路_0416_A -> 大样本负链路_0416_B,2,low_support,0,large_sequence_negative_0416
user_000487,大样本负链路_0417_A -> 大样本负链路_0417_B,2,low_confidence,0,large_sequence_negative_0417
user_001425,大样本负链路_0418_A -> 大样本负链路_0418_B,2,session_gap,0,large_sequence_negative_0418
user_000756,公共流程起点 -> 公共流程终点,2,global_common,0,large_sequence_negative_0419
user_000010,大样本负链路_0420_A -> 大样本负链路_0420_B,2,low_support,0,large_sequence_negative_0420
user_001792,大样本负链路_0421_A -> 大样本负链路_0421_B,2,low_confidence,0,large_sequence_negative_0421
user_000092,大样本负链路_0422_A -> 大样本负链路_0422_B,2,session_gap,0,large_sequence_negative_0422
user_001764,公共流程起点 -> 公共流程终点,2,global_common,0,large_sequence_negative_0423
user_000620,大样本负链路_0424_A -> 大样本负链路_0424_B,2,low_support,0,large_sequence_negative_0424
user_000186,大样本负链路_0425_A -> 大样本负链路_0425_B,2,low_confidence,0,large_sequence_negative_0425
user_001454,大样本负链路_0426_A -> 大样本负链路_0426_B,2,session_gap,0,large_sequence_negative_0426
user_001518,公共流程起点 -> 公共流程终点,2,global_common,0,large_sequence_negative_0427
user_000119,大样本负链路_0428_A -> 大样本负链路_0428_B,2,low_support,0,large_sequence_negative_0428
user_000816,大样本负链路_0429_A -> 大样本负链路_0429_B,2,low_confidence,0,large_sequence_negative_0429
user_000040,大样本负链路_0430_A -> 大样本负链路_0430_B,2,session_gap,0,large_sequence_negative_0430
user_001993,公共流程起点 -> 公共流程终点,2,global_common,0,large_sequence_negative_0431
user_000276,大样本负链路_0432_A -> 大样本负链路_0432_B,2,low_support,0,large_sequence_negative_0432
user_000368,大样本负链路_0433_A -> 大样本负链路_0433_B,2,low_confidence,0,large_sequence_negative_0433
user_001551,大样本负链路_0434_A -> 大样本负链路_0434_B,2,session_gap,0,large_sequence_negative_0434
user_000365,公共流程起点 -> 公共流程终点,2,global_common,0,large_sequence_negative_0435
user_000421,大样本负链路_0436_A -> 大样本负链路_0436_B,2,low_support,0,large_sequence_negative_0436
user_001151,大样本负链路_0437_A -> 大样本负链路_0437_B,2,low_confidence,0,large_sequence_negative_0437
user_000629,大样本负链路_0438_A -> 大样本负链路_0438_B,2,session_gap,0,large_sequence_negative_0438
user_001301,公共流程起点 -> 公共流程终点,2,global_common,0,large_sequence_negative_0439
user_001722,大样本负链路_0440_A -> 大样本负链路_0440_B,2,low_support,0,large_sequence_negative_0440
user_000608,大样本负链路_0441_A -> 大样本负链路_0441_B,2,low_confidence,0,large_sequence_negative_0441
user_001197,大样本负链路_0442_A -> 大样本负链路_0442_B,2,session_gap,0,large_sequence_negative_0442
user_001620,公共流程起点 -> 公共流程终点,2,global_common,0,large_sequence_negative_0443
user_001777,大样本负链路_0444_A -> 大样本负链路_0444_B,2,low_support,0,large_sequence_negative_0444
user_000530,大样本负链路_0445_A -> 大样本负链路_0445_B,2,low_confidence,0,large_sequence_negative_0445
user_001107,大样本负链路_0446_A -> 大样本负链路_0446_B,2,session_gap,0,large_sequence_negative_0446
user_000587,公共流程起点 -> 公共流程终点,2,global_common,0,large_sequence_negative_0447
user_001108,大样本负链路_0448_A -> 大样本负链路_0448_B,2,low_support,0,large_sequence_negative_0448
user_000089,大样本负链路_0449_A -> 大样本负链路_0449_B,2,low_confidence,0,large_sequence_negative_0449
user_001835,大样本负链路_0450_A -> 大样本负链路_0450_B,2,session_gap,0,large_sequence_negative_0450
user_000065,公共流程起点 -> 公共流程终点,2,global_common,0,large_sequence_negative_0451
user_001036,大样本负链路_0452_A -> 大样本负链路_0452_B,2,low_support,0,large_sequence_negative_0452
user_001132,大样本负链路_0453_A -> 大样本负链路_0453_B,2,low_confidence,0,large_sequence_negative_0453
user_001595,大样本负链路_0454_A -> 大样本负链路_0454_B,2,session_gap,0,large_sequence_negative_0454
user_000200,公共流程起点 -> 公共流程终点,2,global_common,0,large_sequence_negative_0455
user_000811,大样本负链路_0456_A -> 大样本负链路_0456_B,2,low_support,0,large_sequence_negative_0456
user_000151,大样本负链路_0457_A -> 大样本负链路_0457_B,2,low_confidence,0,large_sequence_negative_0457
user_001896,大样本负链路_0458_A -> 大样本负链路_0458_B,2,session_gap,0,large_sequence_negative_0458
user_000006,公共流程起点 -> 公共流程终点,2,global_common,0,large_sequence_negative_0459
user_001316,大样本负链路_0460_A -> 大样本负链路_0460_B,2,low_support,0,large_sequence_negative_0460
user_001466,大样本负链路_0461_A -> 大样本负链路_0461_B,2,low_confidence,0,large_sequence_negative_0461
user_000704,大样本负链路_0462_A -> 大样本负链路_0462_B,2,session_gap,0,large_sequence_negative_0462
user_001909,公共流程起点 -> 公共流程终点,2,global_common,0,large_sequence_negative_0463
user_001076,大样本负链路_0464_A -> 大样本负链路_0464_B,2,low_support,0,large_sequence_negative_0464
user_000386,大样本负链路_0465_A -> 大样本负链路_0465_B,2,low_confidence,0,large_sequence_negative_0465
user_000950,大样本负链路_0466_A -> 大样本负链路_0466_B,2,session_gap,0,large_sequence_negative_0466
user_001804,公共流程起点 -> 公共流程终点,2,global_common,0,large_sequence_negative_0467
user_000011,大样本负链路_0468_A -> 大样本负链路_0468_B,2,low_support,0,large_sequence_negative_0468
user_001345,大样本负链路_0469_A -> 大样本负链路_0469_B,2,low_confidence,0,large_sequence_negative_0469
user_001737,大样本负链路_0470_A -> 大样本负链路_0470_B,2,session_gap,0,large_sequence_negative_0470
user_001377,公共流程起点 -> 公共流程终点,2,global_common,0,large_sequence_negative_0471
user_000255,大样本负链路_0472_A -> 大样本负链路_0472_B,2,low_support,0,large_sequence_negative_0472
user_000772,大样本负链路_0473_A -> 大样本负链路_0473_B,2,low_confidence,0,large_sequence_negative_0473
user_001382,大样本负链路_0474_A -> 大样本负链路_0474_B,2,session_gap,0,large_sequence_negative_0474
user_000123,公共流程起点 -> 公共流程终点,2,global_common,0,large_sequence_negative_0475
user_000696,大样本负链路_0476_A -> 大样本负链路_0476_B,2,low_support,0,large_sequence_negative_0476
user_000444,大样本负链路_0477_A -> 大样本负链路_0477_B,2,low_confidence,0,large_sequence_negative_0477
user_001597,大样本负链路_0478_A -> 大样本负链路_0478_B,2,session_gap,0,large_sequence_negative_0478
user_001575,公共流程起点 -> 公共流程终点,2,global_common,0,large_sequence_negative_0479
user_000764,大样本负链路_0480_A -> 大样本负链路_0480_B,2,low_support,0,large_sequence_negative_0480
user_001175,大样本负链路_0481_A -> 大样本负链路_0481_B,2,low_confidence,0,large_sequence_negative_0481
user_001794,大样本负链路_0482_A -> 大样本负链路_0482_B,2,session_gap,0,large_sequence_negative_0482
user_001267,公共流程起点 -> 公共流程终点,2,global_common,0,large_sequence_negative_0483
user_000525,大样本负链路_0484_A -> 大样本负链路_0484_B,2,low_support,0,large_sequence_negative_0484
user_001047,大样本负链路_0485_A -> 大样本负链路_0485_B,2,low_confidence,0,large_sequence_negative_0485
user_000247,大样本负链路_0486_A -> 大样本负链路_0486_B,2,session_gap,0,large_sequence_negative_0486
user_001919,公共流程起点 -> 公共流程终点,2,global_common,0,large_sequence_negative_0487
user_000174,大样本负链路_0488_A -> 大样本负链路_0488_B,2,low_support,0,large_sequence_negative_0488
user_000251,大样本负链路_0489_A -> 大样本负链路_0489_B,2,low_confidence,0,large_sequence_negative_0489
user_001725,大样本负链路_0490_A -> 大样本负链路_0490_B,2,session_gap,0,large_sequence_negative_0490
user_000261,公共流程起点 -> 公共流程终点,2,global_common,0,large_sequence_negative_0491
user_000329,大样本负链路_0492_A -> 大样本负链路_0492_B,2,low_support,0,large_sequence_negative_0492
user_001482,大样本负链路_0493_A -> 大样本负链路_0493_B,2,low_confidence,0,large_sequence_negative_0493
user_001153,大样本负链路_0494_A -> 大样本负链路_0494_B,2,session_gap,0,large_sequence_negative_0494
user_001637,公共流程起点 -> 公共流程终点,2,global_common,0,large_sequence_negative_0495
user_001680,大样本负链路_0496_A -> 大样本负链路_0496_B,2,low_support,0,large_sequence_negative_0496
user_000304,大样本负链路_0497_A -> 大样本负链路_0497_B,2,low_confidence,0,large_sequence_negative_0497
user_001329,大样本负链路_0498_A -> 大样本负链路_0498_B,2,session_gap,0,large_sequence_negative_0498
user_000612,公共流程起点 -> 公共流程终点,2,global_common,0,large_sequence_negative_0499
user_001183,大样本负链路_0500_A -> 大样本负链路_0500_B,2,low_support,0,large_sequence_negative_0500
user_001225,大样本负链路_0501_A -> 大样本负链路_0501_B,2,low_confidence,0,large_sequence_negative_0501
user_001027,大样本负链路_0502_A -> 大样本负链路_0502_B,2,session_gap,0,large_sequence_negative_0502
user_001494,公共流程起点 -> 公共流程终点,2,global_common,0,large_sequence_negative_0503
user_001205,大样本负链路_0504_A -> 大样本负链路_0504_B,2,low_support,0,large_sequence_negative_0504
user_000067,大样本负链路_0505_A -> 大样本负链路_0505_B,2,low_confidence,0,large_sequence_negative_0505
user_000193,大样本负链路_0506_A -> 大样本负链路_0506_B,2,session_gap,0,large_sequence_negative_0506
user_001652,公共流程起点 -> 公共流程终点,2,global_common,0,large_sequence_negative_0507
user_001353,大样本负链路_0508_A -> 大样本负链路_0508_B,2,low_support,0,large_sequence_negative_0508
user_000531,大样本负链路_0509_A -> 大样本负链路_0509_B,2,low_confidence,0,large_sequence_negative_0509
user_000512,大样本负链路_0510_A -> 大样本负链路_0510_B,2,session_gap,0,large_sequence_negative_0510
user_001415,公共流程起点 -> 公共流程终点,2,global_common,0,large_sequence_negative_0511
user_001710,大样本负链路_0512_A -> 大样本负链路_0512_B,2,low_support,0,large_sequence_negative_0512
user_000242,大样本负链路_0513_A -> 大样本负链路_0513_B,2,low_confidence,0,large_sequence_negative_0513
user_001646,大样本负链路_0514_A -> 大样本负链路_0514_B,2,session_gap,0,large_sequence_negative_0514
user_001099,公共流程起点 -> 公共流程终点,2,global_common,0,large_sequence_negative_0515
user_000831,大样本负链路_0516_A -> 大样本负链路_0516_B,2,low_support,0,large_sequence_negative_0516
user_001798,大样本负链路_0517_A -> 大样本负链路_0517_B,2,low_confidence,0,large_sequence_negative_0517
user_001772,大样本负链路_0518_A -> 大样本负链路_0518_B,2,session_gap,0,large_sequence_negative_0518
user_000992,公共流程起点 -> 公共流程终点,2,global_common,0,large_sequence_negative_0519
user_001701,大样本负链路_0520_A -> 大样本负链路_0520_B,2,low_support,0,large_sequence_negative_0520
user_000157,大样本负链路_0521_A -> 大样本负链路_0521_B,2,low_confidence,0,large_sequence_negative_0521
user_001258,大样本负链路_0522_A -> 大样本负链路_0522_B,2,session_gap,0,large_sequence_negative_0522
user_000944,公共流程起点 -> 公共流程终点,2,global_common,0,large_sequence_negative_0523
user_001192,大样本负链路_0524_A -> 大样本负链路_0524_B,2,low_support,0,large_sequence_negative_0524
user_000651,大样本负链路_0525_A -> 大样本负链路_0525_B,2,low_confidence,0,large_sequence_negative_0525
user_001657,大样本负链路_0526_A -> 大样本负链路_0526_B,2,session_gap,0,large_sequence_negative_0526
user_000026,公共流程起点 -> 公共流程终点,2,global_common,0,large_sequence_negative_0527
user_001238,大样本负链路_0528_A -> 大样本负链路_0528_B,2,low_support,0,large_sequence_negative_0528
user_001892,大样本负链路_0529_A -> 大样本负链路_0529_B,2,low_confidence,0,large_sequence_negative_0529
user_000125,大样本负链路_0530_A -> 大样本负链路_0530_B,2,session_gap,0,large_sequence_negative_0530
user_001517,公共流程起点 -> 公共流程终点,2,global_common,0,large_sequence_negative_0531
user_000393,大样本负链路_0532_A -> 大样本负链路_0532_B,2,low_support,0,large_sequence_negative_0532
user_000938,大样本负链路_0533_A -> 大样本负链路_0533_B,2,low_confidence,0,large_sequence_negative_0533
user_000162,大样本负链路_0534_A -> 大样本负链路_0534_B,2,session_gap,0,large_sequence_negative_0534
user_000774,公共流程起点 -> 公共流程终点,2,global_common,0,large_sequence_negative_0535
user_001590,大样本负链路_0536_A -> 大样本负链路_0536_B,2,low_support,0,large_sequence_negative_0536
user_001982,大样本负链路_0537_A -> 大样本负链路_0537_B,2,low_confidence,0,large_sequence_negative_0537
user_001474,大样本负链路_0538_A -> 大样本负链路_0538_B,2,session_gap,0,large_sequence_negative_0538
user_001096,公共流程起点 -> 公共流程终点,2,global_common,0,large_sequence_negative_0539
user_001735,大样本负链路_0540_A -> 大样本负链路_0540_B,2,low_support,0,large_sequence_negative_0540
user_000221,大样本负链路_0541_A -> 大样本负链路_0541_B,2,low_confidence,0,large_sequence_negative_0541
user_000907,大样本负链路_0542_A -> 大样本负链路_0542_B,2,session_gap,0,large_sequence_negative_0542
user_001420,公共流程起点 -> 公共流程终点,2,global_common,0,large_sequence_negative_0543
user_000838,大样本负链路_0544_A -> 大样本负链路_0544_B,2,low_support,0,large_sequence_negative_0544
user_001307,大样本负链路_0545_A -> 大样本负链路_0545_B,2,low_confidence,0,large_sequence_negative_0545
user_000173,大样本负链路_0546_A -> 大样本负链路_0546_B,2,session_gap,0,large_sequence_negative_0546
user_000470,公共流程起点 -> 公共流程终点,2,global_common,0,large_sequence_negative_0547
user_001320,大样本负链路_0548_A -> 大样本负链路_0548_B,2,low_support,0,large_sequence_negative_0548
user_000656,大样本负链路_0549_A -> 大样本负链路_0549_B,2,low_confidence,0,large_sequence_negative_0549
user_000116,大样本负链路_0550_A -> 大样本负链路_0550_B,2,session_gap,0,large_sequence_negative_0550
user_001116,公共流程起点 -> 公共流程终点,2,global_common,0,large_sequence_negative_0551
user_000052,大样本负链路_0552_A -> 大样本负链路_0552_B,2,low_support,0,large_sequence_negative_0552
user_000974,大样本负链路_0553_A -> 大样本负链路_0553_B,2,low_confidence,0,large_sequence_negative_0553
user_001923,大样本负链路_0554_A -> 大样本负链路_0554_B,2,session_gap,0,large_sequence_negative_0554
user_000673,公共流程起点 -> 公共流程终点,2,global_common,0,large_sequence_negative_0555
user_001430,大样本负链路_0556_A -> 大样本负链路_0556_B,2,low_support,0,large_sequence_negative_0556
user_001043,大样本负链路_0557_A -> 大样本负链路_0557_B,2,low_confidence,0,large_sequence_negative_0557
user_000886,大样本负链路_0558_A -> 大样本负链路_0558_B,2,session_gap,0,large_sequence_negative_0558
user_000741,公共流程起点 -> 公共流程终点,2,global_common,0,large_sequence_negative_0559
user_000066,大样本负链路_0560_A -> 大样本负链路_0560_B,2,low_support,0,large_sequence_negative_0560
user_001845,大样本负链路_0561_A -> 大样本负链路_0561_B,2,low_confidence,0,large_sequence_negative_0561
user_000087,大样本负链路_0562_A -> 大样本负链路_0562_B,2,session_gap,0,large_sequence_negative_0562
user_000784,公共流程起点 -> 公共流程终点,2,global_common,0,large_sequence_negative_0563
user_001078,大样本负链路_0564_A -> 大样本负链路_0564_B,2,low_support,0,large_sequence_negative_0564
user_000344,大样本负链路_0565_A -> 大样本负链路_0565_B,2,low_confidence,0,large_sequence_negative_0565
user_001966,大样本负链路_0566_A -> 大样本负链路_0566_B,2,session_gap,0,large_sequence_negative_0566
user_000462,公共流程起点 -> 公共流程终点,2,global_common,0,large_sequence_negative_0567
user_001633,大样本负链路_0568_A -> 大样本负链路_0568_B,2,low_support,0,large_sequence_negative_0568
user_000101,大样本负链路_0569_A -> 大样本负链路_0569_B,2,low_confidence,0,large_sequence_negative_0569
user_001424,大样本负链路_0570_A -> 大样本负链路_0570_B,2,session_gap,0,large_sequence_negative_0570
user_000059,公共流程起点 -> 公共流程终点,2,global_common,0,large_sequence_negative_0571
user_000168,大样本负链路_0572_A -> 大样本负链路_0572_B,2,low_support,0,large_sequence_negative_0572
user_000204,大样本负链路_0573_A -> 大样本负链路_0573_B,2,low_confidence,0,large_sequence_negative_0573
user_001873,大样本负链路_0574_A -> 大样本负链路_0574_B,2,session_gap,0,large_sequence_negative_0574
user_001297,公共流程起点 -> 公共流程终点,2,global_common,0,large_sequence_negative_0575
user_001833,大样本负链路_0576_A -> 大样本负链路_0576_B,2,low_support,0,large_sequence_negative_0576
user_000547,大样本负链路_0577_A -> 大样本负链路_0577_B,2,low_confidence,0,large_sequence_negative_0577
user_001596,大样本负链路_0578_A -> 大样本负链路_0578_B,2,session_gap,0,large_sequence_negative_0578
user_001828,公共流程起点 -> 公共流程终点,2,global_common,0,large_sequence_negative_0579
user_000383,大样本负链路_0580_A -> 大样本负链路_0580_B,2,low_support,0,large_sequence_negative_0580
user_000415,大样本负链路_0581_A -> 大样本负链路_0581_B,2,low_confidence,0,large_sequence_negative_0581
user_000965,大样本负链路_0582_A -> 大样本负链路_0582_B,2,session_gap,0,large_sequence_negative_0582
user_001235,公共流程起点 -> 公共流程终点,2,global_common,0,large_sequence_negative_0583
user_001428,大样本负链路_0584_A -> 大样本负链路_0584_B,2,low_support,0,large_sequence_negative_0584
user_001766,大样本负链路_0585_A -> 大样本负链路_0585_B,2,low_confidence,0,large_sequence_negative_0585
user_001391,大样本负链路_0586_A -> 大样本负链路_0586_B,2,session_gap,0,large_sequence_negative_0586
user_001228,公共流程起点 -> 公共流程终点,2,global_common,0,large_sequence_negative_0587
user_001432,大样本负链路_0588_A -> 大样本负链路_0588_B,2,low_support,0,large_sequence_negative_0588
user_001916,大样本负链路_0589_A -> 大样本负链路_0589_B,2,low_confidence,0,large_sequence_negative_0589
user_000385,大样本负链路_0590_A -> 大样本负链路_0590_B,2,session_gap,0,large_sequence_negative_0590
user_001636,公共流程起点 -> 公共流程终点,2,global_common,0,large_sequence_negative_0591
user_000450,大样本负链路_0592_A -> 大样本负链路_0592_B,2,low_support,0,large_sequence_negative_0592
user_000388,大样本负链路_0593_A -> 大样本负链路_0593_B,2,low_confidence,0,large_sequence_negative_0593
user_001834,大样本负链路_0594_A -> 大样本负链路_0594_B,2,session_gap,0,large_sequence_negative_0594
user_000473,公共流程起点 -> 公共流程终点,2,global_common,0,large_sequence_negative_0595
user_000549,大样本负链路_0596_A -> 大样本负链路_0596_B,2,low_support,0,large_sequence_negative_0596
user_001886,大样本负链路_0597_A -> 大样本负链路_0597_B,2,low_confidence,0,large_sequence_negative_0597
user_000591,大样本负链路_0598_A -> 大样本负链路_0598_B,2,session_gap,0,large_sequence_negative_0598
user_000112,公共流程起点 -> 公共流程终点,2,global_common,0,large_sequence_negative_0599
